"","VIP","Coefficient"
"benefits",0.973128355397794,553.26618394636
"costs",1.4327960346507,-814.607435974489
"additional_benefits",0.0108040274906745,6.1425638538439
