"","VIP","Coefficient"
"benefits",0.947227907494696,538.00476496869
"costs",1.44984557143886,-823.480621433469
"additional_benefits",0.026591544565098,15.1034165808508
