"","VIP","Coefficient"
"benefits",0.972675011769208,551.396701596092
"costs",1.43287509228336,-812.278088903666
"additional_benefits",0.0277901312288146,15.7538607562448
