"","VIP","Coefficient"
"benefits",0.702326187157445,576.277386654395
"costs",1.22749253636545,-1007.19039661251
