"","VIP","Coefficient"
"benefits",0.958524924282608,545.766872964213
"costs",1.44086326618437,-820.401660126881
"additional_benefits",0.0717148359095797,40.8331392830565
