"","VIP","Coefficient"
"benefits",0.714183561888424,583.600597873569
"costs",1.2206317380473,-997.448625426562
