"","VIP","Coefficient"
"benefits",0.958820499235074,543.787353284745
"costs",1.44066666466363,-817.062540035373
"additional_benefits",0.0717133988428206,40.6716787791891
