"","VIP","Coefficient"
"benefits",0.949606651825292,544.40969021537
"costs",1.44837298228257,-830.352530792757
"additional_benefits",0.0215153666722252,12.3347641703875
