"","VIP","Coefficient"
"benefits",0.937528418854229,533.26066551359
"costs",1.45546929233406,-827.862396334818
"additional_benefits",0.0514742937132845,29.2782763384755
