"","VIP","Coefficient"
"benefits",0.976847516100311,555.986826016362
"costs",1.42908363920519,-813.383525655618
"additional_benefits",0.059066762605633,33.6186982337533
