"","VIP","Coefficient"
"benefits",0.96310615044191,546.801009722191
"costs",1.43877994493122,-816.863568253042
"additional_benefits",0.0483612762928904,27.4569887195433
