"","VIP","Coefficient"
"benefits",0.945965778457098,538.24043855248
"costs",1.44961478525838,-824.809221980767
"additional_benefits",0.0613654654374905,34.9160358453178
