"","VIP","Coefficient"
"benefits",0.958466349925738,548.332602977824
"costs",1.44180441335824,-824.847285481535
"additional_benefits",0.0504211233584335,28.845609257266
