"","VIP","Coefficient"
"benefits",0.968966701091811,547.631273109642
"costs",1.43544998764565,-811.27380676121
"additional_benefits",0.0242252996548047,13.6914216726693
