"","VIP","Coefficient"
"benefits",0.954695584674255,538.950030863632
"costs",1.44517182422791,-815.836389917567
"additional_benefits",0.0058939851757288,3.32730510474989
