"","VIP","Coefficient"
"benefits",0.952405455059678,541.625063154665
"costs",1.44662859862765,-822.685655495272
"additional_benefits",0.0137675998334663,7.82951954934158
